BEGIN TRANSACTION;
INSERT INTO "cache" ("key","value","expiration") VALUES ('laravel-cache-livewire-rate-limiter:16d36dff9abd246c67dfac3e63b993a169af77e6:timer','i:1780895769;',1780895769),
 ('laravel-cache-livewire-rate-limiter:16d36dff9abd246c67dfac3e63b993a169af77e6','i:1;',1780895769);
INSERT INTO "categories" ("id","name","slug","icon","sort_order","is_active","created_at","updated_at") VALUES (1,'Coffee','coffee','coffee',1,1,'2026-06-07 09:12:18','2026-06-07 09:12:18'),
 (2,'Non-Coffee','non-coffee','cup',2,1,'2026-06-07 09:12:18','2026-06-07 09:12:18'),
 (3,'Food','food','food',3,1,'2026-06-07 09:12:18','2026-06-07 09:12:18'),
 (4,'Snack','snack','cookie',4,1,'2026-06-07 09:12:18','2026-06-07 09:12:18'),
 (5,'Dessert','dessert','ice-cream',5,1,'2026-06-07 09:12:18','2026-06-07 09:12:18');
INSERT INTO "menus" ("id","category_id","name","description","price","image","is_available","created_at","updated_at") VALUES (1,1,'Espresso','Rich and bold',22000,NULL,0,'2026-06-07 09:12:18','2026-06-08 05:04:29'),
 (2,1,'Cappuccino','Espresso with steamed milk foam',28000,NULL,1,'2026-06-07 09:12:18','2026-06-07 09:12:18'),
 (3,1,'Latte','Smooth espresso with milk',30000,NULL,1,'2026-06-07 09:12:18','2026-06-07 09:12:18'),
 (4,1,'Americano','Espresso with hot water',25000,NULL,1,'2026-06-07 09:12:18','2026-06-08 05:03:08'),
 (5,1,'Mocha','Espresso, chocolate & milk',32000,NULL,1,'2026-06-07 09:12:18','2026-06-07 09:12:18'),
 (6,1,'Macchiato','Espresso with milk foam',28000,NULL,1,'2026-06-07 09:12:18','2026-06-07 09:12:18'),
 (7,2,'Matcha Latte','Japanese green tea with milk',32000,NULL,1,'2026-06-07 09:12:18','2026-06-07 09:12:18'),
 (8,2,'Chocolate Frappe','Blended iced chocolate',30000,NULL,1,'2026-06-07 09:12:18','2026-06-07 09:12:18'),
 (9,2,'Lemon Tea','Fresh lemon iced tea',18000,NULL,1,'2026-06-07 09:12:18','2026-06-07 09:12:18'),
 (10,3,'Nasi Goreng','Indonesian fried rice',28000,NULL,1,'2026-06-07 09:12:18','2026-06-07 09:12:18'),
 (11,3,'Mie Goreng','Indonesian fried noodles',25000,NULL,1,'2026-06-07 09:12:18','2026-06-07 09:12:18'),
 (12,3,'Club Sandwich','Triple-layered sandwich',32000,NULL,1,'2026-06-07 09:12:18','2026-06-07 09:12:18'),
 (13,4,'French Fries','Crispy golden fries',20000,NULL,1,'2026-06-07 09:12:18','2026-06-07 09:12:18'),
 (14,4,'Onion Rings','Battered onion rings',18000,NULL,1,'2026-06-07 09:12:18','2026-06-07 09:12:18'),
 (15,5,'Tiramisu','Classic Italian dessert',35000,NULL,1,'2026-06-07 09:12:18','2026-06-08 02:05:34'),
 (16,5,'Brownies','Chocolate fudge brownies',22000,NULL,1,'2026-06-07 09:12:18','2026-06-07 09:12:18');
INSERT INTO "migrations" ("id","migration","batch") VALUES (1,'0001_01_01_000000_create_users_table',1),
 (2,'0001_01_01_000001_create_cache_table',1),
 (3,'0001_01_01_000002_create_jobs_table',1),
 (4,'2026_06_07_065957_create_personal_access_tokens_table',1),
 (5,'2026_06_07_070340_create_categories_table',1),
 (6,'2026_06_07_070349_create_menus_table',1),
 (7,'2026_06_07_070359_create_orders_table',1),
 (8,'2026_06_07_070405_create_order_items_table',1);
INSERT INTO "order_items" ("id","order_id","menu_id","menu_name_snapshot","price_snapshot","quantity","subtotal","created_at","updated_at") VALUES (1,1,2,'Cappuccino',28000,2,56000,'2026-06-07 15:18:58','2026-06-07 15:18:58'),
 (2,1,3,'Latte',30000,1,30000,'2026-06-07 15:18:58','2026-06-07 15:18:58'),
 (3,2,5,'Mocha',32000,1,32000,'2026-06-07 15:19:20','2026-06-07 15:19:20'),
 (4,3,2,'Cappuccino',28000,2,56000,'2026-06-08 00:48:07','2026-06-08 00:48:07'),
 (5,3,8,'Chocolate Frappe',30000,1,30000,'2026-06-08 00:48:07','2026-06-08 00:48:07'),
 (6,4,4,'Americano',25000,1,25000,'2026-06-08 03:26:45','2026-06-08 03:26:45'),
 (7,4,8,'Chocolate Frappe',30000,1,30000,'2026-06-08 03:26:45','2026-06-08 03:26:45'),
 (8,4,13,'French Fries',20000,1,20000,'2026-06-08 03:26:45','2026-06-08 03:26:45'),
 (9,5,16,'Brownies',22000,1,22000,'2026-06-08 03:28:45','2026-06-08 03:28:45'),
 (10,6,8,'Chocolate Frappe',30000,1,30000,'2026-06-08 03:38:19','2026-06-08 03:38:19'),
 (11,7,3,'Latte',30000,5,150000,'2026-06-08 03:39:39','2026-06-08 03:39:39'),
 (12,8,8,'Chocolate Frappe',30000,4,120000,'2026-06-08 03:40:00','2026-06-08 03:40:00'),
 (13,9,7,'Matcha Latte',32000,1,32000,'2026-06-08 05:07:14','2026-06-08 05:07:14'),
 (14,9,16,'Brownies',22000,1,22000,'2026-06-08 05:07:14','2026-06-08 05:07:14');
INSERT INTO "orders" ("id","queue_number","user_id","order_type","subtotal","tax","total","payment_method","status","voided_at","voided_reason","created_at","updated_at") VALUES (1,'A001',3,'dine_in',86000,8600,94600,'cash','voided','2026-06-07 15:19:47','Customer ga jadi pesan','2026-06-07 15:18:58','2026-06-07 15:19:47'),
 (2,'A002',3,'takeaway',32000,3200,35200,'cash','voided','2026-06-08 01:33:24','pengen aja','2026-06-07 15:19:20','2026-06-08 01:33:24'),
 (3,'A003',3,'takeaway',86000,8600,94600,'cash','completed',NULL,NULL,'2026-06-08 00:48:07','2026-06-08 00:48:07'),
 (4,'A004',3,'takeaway',75000,7500,82500,'cash','completed',NULL,NULL,'2026-06-08 03:26:44','2026-06-08 03:26:44'),
 (5,'A005',3,'dine_in',22000,2200,24200,'cash','voided','2026-06-08 03:29:22','Voided by cashier','2026-06-08 03:28:45','2026-06-08 03:29:22'),
 (6,'A006',3,'takeaway',30000,3000,33000,'cash','completed',NULL,NULL,'2026-06-08 03:38:19','2026-06-08 03:38:19'),
 (7,'A007',3,'takeaway',150000,15000,165000,'cash','completed',NULL,NULL,'2026-06-08 03:39:39','2026-06-08 03:39:39'),
 (8,'A008',3,'dine_in',120000,12000,132000,'cash','voided','2026-06-08 05:02:27','Voided by cashier','2026-06-08 03:40:00','2026-06-08 05:02:27'),
 (9,'A009',3,'dine_in',54000,5400,59400,'cash','completed',NULL,NULL,'2026-06-08 05:07:14','2026-06-08 05:07:14');
INSERT INTO "personal_access_tokens" ("id","tokenable_type","tokenable_id","name","token","abilities","last_used_at","expires_at","created_at","updated_at") VALUES (10,'App\Models\User',3,'api-token','a0bb91991ccf637e68bfa5cd547a1501a3feacb2fca346fe539c1df7e89c9a14','["*"]','2026-06-08 05:07:13',NULL,'2026-06-08 03:58:17','2026-06-08 05:07:13');
INSERT INTO "sessions" ("id","user_id","ip_address","user_agent","payload","last_activity") VALUES ('jPvrhHYfSMnk7Yc4QHXJL7veOJB27NkBtW9YWVo6',3,'127.0.0.1','Mozilla/5.0 (Windows NT 10.0; Win64; x64) AppleWebKit/537.36 (KHTML, like Gecko) Chrome/149.0.0.0 Safari/537.36 Edg/149.0.0.0','eyJfdG9rZW4iOiIxaGI1eW5BTW5tVXI4bmFQVHNWT28zeG1CZWNRRmRJbkxyb2FpaVUyIiwiX2ZsYXNoIjp7Im9sZCI6W10sIm5ldyI6W119LCJfcHJldmlvdXMiOnsidXJsIjoiaHR0cDpcL1wvbG9jYWxob3N0OjgwMDBcL2FsaWZcL2NhdGVnb3JpZXMiLCJyb3V0ZSI6ImZpbGFtZW50LmFsaWYucmVzb3VyY2VzLmNhdGVnb3JpZXMuaW5kZXgifSwibG9naW5fd2ViXzU5YmEzNmFkZGMyYjJmOTQwMTU4MGYwMTRjN2Y1OGVhNGUzMDk4OWQiOjMsInBhc3N3b3JkX2hhc2hfd2ViIjoiYjkxNTVlZmU4YzdmYzNlYmE4MGNkM2E3NjQ0MjUwYjMwNTlkZjliNTM4MzFlODY4OWYzZmY4ZTM1ZjZiZWU1MCIsInRhYmxlcyI6eyJlNzkzYTI3OWQ1NmU0NTA2MDk3NTQwMjBkNjI3YmVlY19jb2x1bW5zIjpbeyJ0eXBlIjoiY29sdW1uIiwibmFtZSI6InF1ZXVlX251bWJlciIsImxhYmVsIjoiUXVldWUgIyIsImlzSGlkZGVuIjpmYWxzZSwiaXNUb2dnbGVkIjp0cnVlLCJpc1RvZ2dsZWFibGUiOmZhbHNlLCJpc1RvZ2dsZWRIaWRkZW5CeURlZmF1bHQiOm51bGx9LHsidHlwZSI6ImNvbHVtbiIsIm5hbWUiOiJjcmVhdGVkX2F0IiwibGFiZWwiOiJUaW1lIiwiaXNIaWRkZW4iOmZhbHNlLCJpc1RvZ2dsZWQiOnRydWUsImlzVG9nZ2xlYWJsZSI6ZmFsc2UsImlzVG9nZ2xlZEhpZGRlbkJ5RGVmYXVsdCI6bnVsbH0seyJ0eXBlIjoiY29sdW1uIiwibmFtZSI6Im9yZGVyX3R5cGUiLCJsYWJlbCI6IlR5cGUiLCJpc0hpZGRlbiI6ZmFsc2UsImlzVG9nZ2xlZCI6dHJ1ZSwiaXNUb2dnbGVhYmxlIjpmYWxzZSwiaXNUb2dnbGVkSGlkZGVuQnlEZWZhdWx0IjpudWxsfSx7InR5cGUiOiJjb2x1bW4iLCJuYW1lIjoidXNlci5uYW1lIiwibGFiZWwiOiJDYXNoaWVyIiwiaXNIaWRkZW4iOmZhbHNlLCJpc1RvZ2dsZWQiOnRydWUsImlzVG9nZ2xlYWJsZSI6dHJ1ZSwiaXNUb2dnbGVkSGlkZGVuQnlEZWZhdWx0IjpmYWxzZX0seyJ0eXBlIjoiY29sdW1uIiwibmFtZSI6InRvdGFsIiwibGFiZWwiOiJUb3RhbCIsImlzSGlkZGVuIjpmYWxzZSwiaXNUb2dnbGVkIjp0cnVlLCJpc1RvZ2dsZWFibGUiOmZhbHNlLCJpc1RvZ2dsZWRIaWRkZW5CeURlZmF1bHQiOm51bGx9LHsidHlwZSI6ImNvbHVtbiIsIm5hbWUiOiJzdGF0dXMiLCJsYWJlbCI6IlN0YXR1cyIsImlzSGlkZGVuIjpmYWxzZSwiaXNUb2dnbGVkIjp0cnVlLCJpc1RvZ2dsZWFibGUiOmZhbHNlLCJpc1RvZ2dsZWRIaWRkZW5CeURlZmF1bHQiOm51bGx9XSwiZGRjMWQwOGViZWZhNjUyMjkwM2FiMWYzN2MzY2I4YWNfY29sdW1ucyI6W3sidHlwZSI6ImNvbHVtbiIsIm5hbWUiOiJuYW1lIiwibGFiZWwiOiJOYW1lIiwiaXNIaWRkZW4iOmZhbHNlLCJpc1RvZ2dsZWQiOnRydWUsImlzVG9nZ2xlYWJsZSI6ZmFsc2UsImlzVG9nZ2xlZEhpZGRlbkJ5RGVmYXVsdCI6bnVsbH0seyJ0eXBlIjoiY29sdW1uIiwibmFtZSI6InNsdWciLCJsYWJlbCI6IlNsdWciLCJpc0hpZGRlbiI6ZmFsc2UsImlzVG9nZ2xlZCI6dHJ1ZSwiaXNUb2dnbGVhYmxlIjpmYWxzZSwiaXNUb2dnbGVkSGlkZGVuQnlEZWZhdWx0IjpudWxsfSx7InR5cGUiOiJjb2x1bW4iLCJuYW1lIjoiaWNvbiIsImxhYmVsIjoiSWNvbiIsImlzSGlkZGVuIjpmYWxzZSwiaXNUb2dnbGVkIjp0cnVlLCJpc1RvZ2dsZWFibGUiOmZhbHNlLCJpc1RvZ2dsZWRIaWRkZW5CeURlZmF1bHQiOm51bGx9LHsidHlwZSI6ImNvbHVtbiIsIm5hbWUiOiJzb3J0X29yZGVyIiwibGFiZWwiOiJTb3J0IG9yZGVyIiwiaXNIaWRkZW4iOmZhbHNlLCJpc1RvZ2dsZWQiOnRydWUsImlzVG9nZ2xlYWJsZSI6ZmFsc2UsImlzVG9nZ2xlZEhpZGRlbkJ5RGVmYXVsdCI6bnVsbH0seyJ0eXBlIjoiY29sdW1uIiwibmFtZSI6ImlzX2FjdGl2ZSIsImxhYmVsIjoiSXMgYWN0aXZlIiwiaXNIaWRkZW4iOmZhbHNlLCJpc1RvZ2dsZWQiOnRydWUsImlzVG9nZ2xlYWJsZSI6ZmFsc2UsImlzVG9nZ2xlZEhpZGRlbkJ5RGVmYXVsdCI6bnVsbH0seyJ0eXBlIjoiY29sdW1uIiwibmFtZSI6ImNyZWF0ZWRfYXQiLCJsYWJlbCI6IkNyZWF0ZWQgYXQiLCJpc0hpZGRlbiI6ZmFsc2UsImlzVG9nZ2xlZCI6ZmFsc2UsImlzVG9nZ2xlYWJsZSI6dHJ1ZSwiaXNUb2dnbGVkSGlkZGVuQnlEZWZhdWx0Ijp0cnVlfSx7InR5cGUiOiJjb2x1bW4iLCJuYW1lIjoidXBkYXRlZF9hdCIsImxhYmVsIjoiVXBkYXRlZCBhdCIsImlzSGlkZGVuIjpmYWxzZSwiaXNUb2dnbGVkIjpmYWxzZSwiaXNUb2dnbGVhYmxlIjp0cnVlLCJpc1RvZ2dsZWRIaWRkZW5CeURlZmF1bHQiOnRydWV9XSwiYTUxNmNiNDMzZDU0Y2IzNzYyODRjMjFmYzRlNGZhYTVfY29sdW1ucyI6W3sidHlwZSI6ImNvbHVtbiIsIm5hbWUiOiJpbWFnZSIsImxhYmVsIjoiSW1hZ2UiLCJpc0hpZGRlbiI6ZmFsc2UsImlzVG9nZ2xlZCI6dHJ1ZSwiaXNUb2dnbGVhYmxlIjpmYWxzZSwiaXNUb2dnbGVkSGlkZGVuQnlEZWZhdWx0IjpudWxsfSx7InR5cGUiOiJjb2x1bW4iLCJuYW1lIjoibmFtZSIsImxhYmVsIjoiTmFtZSIsImlzSGlkZGVuIjpmYWxzZSwiaXNUb2dnbGVkIjp0cnVlLCJpc1RvZ2dsZWFibGUiOmZhbHNlLCJpc1RvZ2dsZWRIaWRkZW5CeURlZmF1bHQiOm51bGx9LHsidHlwZSI6ImNvbHVtbiIsIm5hbWUiOiJjYXRlZ29yeS5uYW1lIiwibGFiZWwiOiJDYXRlZ29yeSIsImlzSGlkZGVuIjpmYWxzZSwiaXNUb2dnbGVkIjp0cnVlLCJpc1RvZ2dsZWFibGUiOmZhbHNlLCJpc1RvZ2dsZWRIaWRkZW5CeURlZmF1bHQiOm51bGx9LHsidHlwZSI6ImNvbHVtbiIsIm5hbWUiOiJwcmljZSIsImxhYmVsIjoiUHJpY2UiLCJpc0hpZGRlbiI6ZmFsc2UsImlzVG9nZ2xlZCI6dHJ1ZSwiaXNUb2dnbGVhYmxlIjpmYWxzZSwiaXNUb2dnbGVkSGlkZGVuQnlEZWZhdWx0IjpudWxsfSx7InR5cGUiOiJjb2x1bW4iLCJuYW1lIjoiaXNfYXZhaWxhYmxlIiwibGFiZWwiOiJUZXJzZWRpYSIsImlzSGlkZGVuIjpmYWxzZSwiaXNUb2dnbGVkIjp0cnVlLCJpc1RvZ2dsZWFibGUiOmZhbHNlLCJpc1RvZ2dsZWRIaWRkZW5CeURlZmF1bHQiOm51bGx9LHsidHlwZSI6ImNvbHVtbiIsIm5hbWUiOiJjcmVhdGVkX2F0IiwibGFiZWwiOiJDcmVhdGVkIGF0IiwiaXNIaWRkZW4iOmZhbHNlLCJpc1RvZ2dsZWQiOmZhbHNlLCJpc1RvZ2dsZWFibGUiOnRydWUsImlzVG9nZ2xlZEhpZGRlbkJ5RGVmYXVsdCI6dHJ1ZX1dLCJlNjQ0ODMzZjRlNGUwODcxMjMxNWRhNzFiMzNmYWNkMl9jb2x1bW5zIjpbeyJ0eXBlIjoiY29sdW1uIiwibmFtZSI6Im5hbWUiLCJsYWJlbCI6Ik5hbWUiLCJpc0hpZGRlbiI6ZmFsc2UsImlzVG9nZ2xlZCI6dHJ1ZSwiaXNUb2dnbGVhYmxlIjpmYWxzZSwiaXNUb2dnbGVkSGlkZGVuQnlEZWZhdWx0IjpudWxsfSx7InR5cGUiOiJjb2x1bW4iLCJuYW1lIjoiZW1haWwiLCJsYWJlbCI6IkVtYWlsIiwiaXNIaWRkZW4iOmZhbHNlLCJpc1RvZ2dsZWQiOnRydWUsImlzVG9nZ2xlYWJsZSI6ZmFsc2UsImlzVG9nZ2xlZEhpZGRlbkJ5RGVmYXVsdCI6bnVsbH0seyJ0eXBlIjoiY29sdW1uIiwibmFtZSI6InJvbGUiLCJsYWJlbCI6IlJvbGUiLCJpc0hpZGRlbiI6ZmFsc2UsImlzVG9nZ2xlZCI6dHJ1ZSwiaXNUb2dnbGVhYmxlIjpmYWxzZSwiaXNUb2dnbGVkSGlkZGVuQnlEZWZhdWx0IjpudWxsfSx7InR5cGUiOiJjb2x1bW4iLCJuYW1lIjoiaXNfYWN0aXZlIiwibGFiZWwiOiJBY3RpdmUiLCJpc0hpZGRlbiI6ZmFsc2UsImlzVG9nZ2xlZCI6dHJ1ZSwiaXNUb2dnbGVhYmxlIjpmYWxzZSwiaXNUb2dnbGVkSGlkZGVuQnlEZWZhdWx0IjpudWxsfSx7InR5cGUiOiJjb2x1bW4iLCJuYW1lIjoiY3JlYXRlZF9hdCIsImxhYmVsIjoiQ3JlYXRlZCBhdCIsImlzSGlkZGVuIjpmYWxzZSwiaXNUb2dnbGVkIjpmYWxzZSwiaXNUb2dnbGVhYmxlIjp0cnVlLCJpc1RvZ2dsZWRIaWRkZW5CeURlZmF1bHQiOnRydWV9XX0sImZpbGFtZW50IjpbXX0=',1780884739),
 ('TGyL0VcMdisu8d8he37B1NZ51S2cqnLin2LiW2TY',3,'127.0.0.1','Mozilla/5.0 (Windows NT 10.0; Win64; x64) AppleWebKit/537.36 (KHTML, like Gecko) Chrome/149.0.0.0 Safari/537.36 Edg/149.0.0.0','eyJfdG9rZW4iOiJhT0RKVXRUMHhlVm81cWVDeFNlSURaUTl0dXBnQXpUNXBlcjhid0ZLIiwiX3ByZXZpb3VzIjp7InVybCI6Imh0dHA6XC9cLzEyNy4wLjAuMTo4MDAwXC9hbGlmXC9vcmRlcnMiLCJyb3V0ZSI6ImZpbGFtZW50LmFsaWYucmVzb3VyY2VzLm9yZGVycy5pbmRleCJ9LCJfZmxhc2giOnsib2xkIjpbXSwibmV3IjpbXX0sInVybCI6W10sImxvZ2luX3dlYl81OWJhMzZhZGRjMmIyZjk0MDE1ODBmMDE0YzdmNThlYTRlMzA5ODlkIjozLCJwYXNzd29yZF9oYXNoX3dlYiI6ImI5MTU1ZWZlOGM3ZmMzZWJhODBjZDNhNzY0NDI1MGIzMDU5ZGY5YjUzODMxZTg2ODlmM2ZmOGUzNWY2YmVlNTAiLCJ0YWJsZXMiOnsiZTc5M2EyNzlkNTZlNDUwNjA5NzU0MDIwZDYyN2JlZWNfY29sdW1ucyI6W3sidHlwZSI6ImNvbHVtbiIsIm5hbWUiOiJxdWV1ZV9udW1iZXIiLCJsYWJlbCI6IlF1ZXVlICMiLCJpc0hpZGRlbiI6ZmFsc2UsImlzVG9nZ2xlZCI6dHJ1ZSwiaXNUb2dnbGVhYmxlIjpmYWxzZSwiaXNUb2dnbGVkSGlkZGVuQnlEZWZhdWx0IjpudWxsfSx7InR5cGUiOiJjb2x1bW4iLCJuYW1lIjoiY3JlYXRlZF9hdCIsImxhYmVsIjoiVGltZSIsImlzSGlkZGVuIjpmYWxzZSwiaXNUb2dnbGVkIjp0cnVlLCJpc1RvZ2dsZWFibGUiOmZhbHNlLCJpc1RvZ2dsZWRIaWRkZW5CeURlZmF1bHQiOm51bGx9LHsidHlwZSI6ImNvbHVtbiIsIm5hbWUiOiJvcmRlcl90eXBlIiwibGFiZWwiOiJUeXBlIiwiaXNIaWRkZW4iOmZhbHNlLCJpc1RvZ2dsZWQiOnRydWUsImlzVG9nZ2xlYWJsZSI6ZmFsc2UsImlzVG9nZ2xlZEhpZGRlbkJ5RGVmYXVsdCI6bnVsbH0seyJ0eXBlIjoiY29sdW1uIiwibmFtZSI6InVzZXIubmFtZSIsImxhYmVsIjoiQ2FzaGllciIsImlzSGlkZGVuIjpmYWxzZSwiaXNUb2dnbGVkIjp0cnVlLCJpc1RvZ2dsZWFibGUiOnRydWUsImlzVG9nZ2xlZEhpZGRlbkJ5RGVmYXVsdCI6ZmFsc2V9LHsidHlwZSI6ImNvbHVtbiIsIm5hbWUiOiJ0b3RhbCIsImxhYmVsIjoiVG90YWwiLCJpc0hpZGRlbiI6ZmFsc2UsImlzVG9nZ2xlZCI6dHJ1ZSwiaXNUb2dnbGVhYmxlIjpmYWxzZSwiaXNUb2dnbGVkSGlkZGVuQnlEZWZhdWx0IjpudWxsfSx7InR5cGUiOiJjb2x1bW4iLCJuYW1lIjoic3RhdHVzIiwibGFiZWwiOiJTdGF0dXMiLCJpc0hpZGRlbiI6ZmFsc2UsImlzVG9nZ2xlZCI6dHJ1ZSwiaXNUb2dnbGVhYmxlIjpmYWxzZSwiaXNUb2dnbGVkSGlkZGVuQnlEZWZhdWx0IjpudWxsfV0sImE1MTZjYjQzM2Q1NGNiMzc2Mjg0YzIxZmM0ZTRmYWE1X2NvbHVtbnMiOlt7InR5cGUiOiJjb2x1bW4iLCJuYW1lIjoiaW1hZ2UiLCJsYWJlbCI6IkltYWdlIiwiaXNIaWRkZW4iOmZhbHNlLCJpc1RvZ2dsZWQiOnRydWUsImlzVG9nZ2xlYWJsZSI6ZmFsc2UsImlzVG9nZ2xlZEhpZGRlbkJ5RGVmYXVsdCI6bnVsbH0seyJ0eXBlIjoiY29sdW1uIiwibmFtZSI6Im5hbWUiLCJsYWJlbCI6Ik5hbWUiLCJpc0hpZGRlbiI6ZmFsc2UsImlzVG9nZ2xlZCI6dHJ1ZSwiaXNUb2dnbGVhYmxlIjpmYWxzZSwiaXNUb2dnbGVkSGlkZGVuQnlEZWZhdWx0IjpudWxsfSx7InR5cGUiOiJjb2x1bW4iLCJuYW1lIjoiY2F0ZWdvcnkubmFtZSIsImxhYmVsIjoiQ2F0ZWdvcnkiLCJpc0hpZGRlbiI6ZmFsc2UsImlzVG9nZ2xlZCI6dHJ1ZSwiaXNUb2dnbGVhYmxlIjpmYWxzZSwiaXNUb2dnbGVkSGlkZGVuQnlEZWZhdWx0IjpudWxsfSx7InR5cGUiOiJjb2x1bW4iLCJuYW1lIjoicHJpY2UiLCJsYWJlbCI6IlByaWNlIiwiaXNIaWRkZW4iOmZhbHNlLCJpc1RvZ2dsZWQiOnRydWUsImlzVG9nZ2xlYWJsZSI6ZmFsc2UsImlzVG9nZ2xlZEhpZGRlbkJ5RGVmYXVsdCI6bnVsbH0seyJ0eXBlIjoiY29sdW1uIiwibmFtZSI6ImlzX2F2YWlsYWJsZSIsImxhYmVsIjoiVGVyc2VkaWEiLCJpc0hpZGRlbiI6ZmFsc2UsImlzVG9nZ2xlZCI6dHJ1ZSwiaXNUb2dnbGVhYmxlIjpmYWxzZSwiaXNUb2dnbGVkSGlkZGVuQnlEZWZhdWx0IjpudWxsfSx7InR5cGUiOiJjb2x1bW4iLCJuYW1lIjoiY3JlYXRlZF9hdCIsImxhYmVsIjoiQ3JlYXRlZCBhdCIsImlzSGlkZGVuIjpmYWxzZSwiaXNUb2dnbGVkIjpmYWxzZSwiaXNUb2dnbGVhYmxlIjp0cnVlLCJpc1RvZ2dsZWRIaWRkZW5CeURlZmF1bHQiOnRydWV9XSwiZTY0NDgzM2Y0ZTRlMDg3MTIzMTVkYTcxYjMzZmFjZDJfY29sdW1ucyI6W3sidHlwZSI6ImNvbHVtbiIsIm5hbWUiOiJuYW1lIiwibGFiZWwiOiJOYW1lIiwiaXNIaWRkZW4iOmZhbHNlLCJpc1RvZ2dsZWQiOnRydWUsImlzVG9nZ2xlYWJsZSI6ZmFsc2UsImlzVG9nZ2xlZEhpZGRlbkJ5RGVmYXVsdCI6bnVsbH0seyJ0eXBlIjoiY29sdW1uIiwibmFtZSI6ImVtYWlsIiwibGFiZWwiOiJFbWFpbCIsImlzSGlkZGVuIjpmYWxzZSwiaXNUb2dnbGVkIjp0cnVlLCJpc1RvZ2dsZWFibGUiOmZhbHNlLCJpc1RvZ2dsZWRIaWRkZW5CeURlZmF1bHQiOm51bGx9LHsidHlwZSI6ImNvbHVtbiIsIm5hbWUiOiJyb2xlIiwibGFiZWwiOiJSb2xlIiwiaXNIaWRkZW4iOmZhbHNlLCJpc1RvZ2dsZWQiOnRydWUsImlzVG9nZ2xlYWJsZSI6ZmFsc2UsImlzVG9nZ2xlZEhpZGRlbkJ5RGVmYXVsdCI6bnVsbH0seyJ0eXBlIjoiY29sdW1uIiwibmFtZSI6ImlzX2FjdGl2ZSIsImxhYmVsIjoiQWN0aXZlIiwiaXNIaWRkZW4iOmZhbHNlLCJpc1RvZ2dsZWQiOnRydWUsImlzVG9nZ2xlYWJsZSI6ZmFsc2UsImlzVG9nZ2xlZEhpZGRlbkJ5RGVmYXVsdCI6bnVsbH0seyJ0eXBlIjoiY29sdW1uIiwibmFtZSI6ImNyZWF0ZWRfYXQiLCJsYWJlbCI6IkNyZWF0ZWQgYXQiLCJpc0hpZGRlbiI6ZmFsc2UsImlzVG9nZ2xlZCI6ZmFsc2UsImlzVG9nZ2xlYWJsZSI6dHJ1ZSwiaXNUb2dnbGVkSGlkZGVuQnlEZWZhdWx0Ijp0cnVlfV0sImRkYzFkMDhlYmVmYTY1MjI5MDNhYjFmMzdjM2NiOGFjX2NvbHVtbnMiOlt7InR5cGUiOiJjb2x1bW4iLCJuYW1lIjoibmFtZSIsImxhYmVsIjoiTmFtZSIsImlzSGlkZGVuIjpmYWxzZSwiaXNUb2dnbGVkIjp0cnVlLCJpc1RvZ2dsZWFibGUiOmZhbHNlLCJpc1RvZ2dsZWRIaWRkZW5CeURlZmF1bHQiOm51bGx9LHsidHlwZSI6ImNvbHVtbiIsIm5hbWUiOiJzbHVnIiwibGFiZWwiOiJTbHVnIiwiaXNIaWRkZW4iOmZhbHNlLCJpc1RvZ2dsZWQiOnRydWUsImlzVG9nZ2xlYWJsZSI6ZmFsc2UsImlzVG9nZ2xlZEhpZGRlbkJ5RGVmYXVsdCI6bnVsbH0seyJ0eXBlIjoiY29sdW1uIiwibmFtZSI6Imljb24iLCJsYWJlbCI6Ikljb24iLCJpc0hpZGRlbiI6ZmFsc2UsImlzVG9nZ2xlZCI6dHJ1ZSwiaXNUb2dnbGVhYmxlIjpmYWxzZSwiaXNUb2dnbGVkSGlkZGVuQnlEZWZhdWx0IjpudWxsfSx7InR5cGUiOiJjb2x1bW4iLCJuYW1lIjoic29ydF9vcmRlciIsImxhYmVsIjoiU29ydCBvcmRlciIsImlzSGlkZGVuIjpmYWxzZSwiaXNUb2dnbGVkIjp0cnVlLCJpc1RvZ2dsZWFibGUiOmZhbHNlLCJpc1RvZ2dsZWRIaWRkZW5CeURlZmF1bHQiOm51bGx9LHsidHlwZSI6ImNvbHVtbiIsIm5hbWUiOiJpc19hY3RpdmUiLCJsYWJlbCI6IklzIGFjdGl2ZSIsImlzSGlkZGVuIjpmYWxzZSwiaXNUb2dnbGVkIjp0cnVlLCJpc1RvZ2dsZWFibGUiOmZhbHNlLCJpc1RvZ2dsZWRIaWRkZW5CeURlZmF1bHQiOm51bGx9LHsidHlwZSI6ImNvbHVtbiIsIm5hbWUiOiJjcmVhdGVkX2F0IiwibGFiZWwiOiJDcmVhdGVkIGF0IiwiaXNIaWRkZW4iOmZhbHNlLCJpc1RvZ2dsZWQiOmZhbHNlLCJpc1RvZ2dsZWFibGUiOnRydWUsImlzVG9nZ2xlZEhpZGRlbkJ5RGVmYXVsdCI6dHJ1ZX0seyJ0eXBlIjoiY29sdW1uIiwibmFtZSI6InVwZGF0ZWRfYXQiLCJsYWJlbCI6IlVwZGF0ZWQgYXQiLCJpc0hpZGRlbiI6ZmFsc2UsImlzVG9nZ2xlZCI6ZmFsc2UsImlzVG9nZ2xlYWJsZSI6dHJ1ZSwiaXNUb2dnbGVkSGlkZGVuQnlEZWZhdWx0Ijp0cnVlfV19fQ==',1780890005),
 ('GbpJN8R6JPqf6nz19TV1qd9j8mgfLu31XqVx5np9',3,'127.0.0.1','Mozilla/5.0 (Windows NT 10.0; Win64; x64) AppleWebKit/537.36 (KHTML, like Gecko) Chrome/148.0.0.0 Safari/537.36','eyJfdG9rZW4iOiJVczZGcDFQWHpscGpxdFJSSlc4eGI1Y2V4MGlieWJ3ZENqT1BobGtUIiwiX2ZsYXNoIjp7Im9sZCI6W10sIm5ldyI6W119LCJfcHJldmlvdXMiOnsidXJsIjoiaHR0cDpcL1wvMTI3LjAuMC4xOjgwMDBcL2FsaWZcL21lbnVzIiwicm91dGUiOiJmaWxhbWVudC5hbGlmLnJlc291cmNlcy5tZW51cy5pbmRleCJ9LCJsb2dpbl93ZWJfNTliYTM2YWRkYzJiMmY5NDAxNTgwZjAxNGM3ZjU4ZWE0ZTMwOTg5ZCI6MywicGFzc3dvcmRfaGFzaF93ZWIiOiJiOTE1NWVmZThjN2ZjM2ViYTgwY2QzYTc2NDQyNTBiMzA1OWRmOWI1MzgzMWU4Njg5ZjNmZjhlMzVmNmJlZTUwIiwidGFibGVzIjp7ImU3OTNhMjc5ZDU2ZTQ1MDYwOTc1NDAyMGQ2MjdiZWVjX2NvbHVtbnMiOlt7InR5cGUiOiJjb2x1bW4iLCJuYW1lIjoicXVldWVfbnVtYmVyIiwibGFiZWwiOiJRdWV1ZSAjIiwiaXNIaWRkZW4iOmZhbHNlLCJpc1RvZ2dsZWQiOnRydWUsImlzVG9nZ2xlYWJsZSI6ZmFsc2UsImlzVG9nZ2xlZEhpZGRlbkJ5RGVmYXVsdCI6bnVsbH0seyJ0eXBlIjoiY29sdW1uIiwibmFtZSI6ImNyZWF0ZWRfYXQiLCJsYWJlbCI6IlRpbWUiLCJpc0hpZGRlbiI6ZmFsc2UsImlzVG9nZ2xlZCI6dHJ1ZSwiaXNUb2dnbGVhYmxlIjpmYWxzZSwiaXNUb2dnbGVkSGlkZGVuQnlEZWZhdWx0IjpudWxsfSx7InR5cGUiOiJjb2x1bW4iLCJuYW1lIjoib3JkZXJfdHlwZSIsImxhYmVsIjoiVHlwZSIsImlzSGlkZGVuIjpmYWxzZSwiaXNUb2dnbGVkIjp0cnVlLCJpc1RvZ2dsZWFibGUiOmZhbHNlLCJpc1RvZ2dsZWRIaWRkZW5CeURlZmF1bHQiOm51bGx9LHsidHlwZSI6ImNvbHVtbiIsIm5hbWUiOiJ1c2VyLm5hbWUiLCJsYWJlbCI6IkNhc2hpZXIiLCJpc0hpZGRlbiI6ZmFsc2UsImlzVG9nZ2xlZCI6dHJ1ZSwiaXNUb2dnbGVhYmxlIjp0cnVlLCJpc1RvZ2dsZWRIaWRkZW5CeURlZmF1bHQiOmZhbHNlfSx7InR5cGUiOiJjb2x1bW4iLCJuYW1lIjoidG90YWwiLCJsYWJlbCI6IlRvdGFsIiwiaXNIaWRkZW4iOmZhbHNlLCJpc1RvZ2dsZWQiOnRydWUsImlzVG9nZ2xlYWJsZSI6ZmFsc2UsImlzVG9nZ2xlZEhpZGRlbkJ5RGVmYXVsdCI6bnVsbH0seyJ0eXBlIjoiY29sdW1uIiwibmFtZSI6InN0YXR1cyIsImxhYmVsIjoiU3RhdHVzIiwiaXNIaWRkZW4iOmZhbHNlLCJpc1RvZ2dsZWQiOnRydWUsImlzVG9nZ2xlYWJsZSI6ZmFsc2UsImlzVG9nZ2xlZEhpZGRlbkJ5RGVmYXVsdCI6bnVsbH1dLCJlNjQ0ODMzZjRlNGUwODcxMjMxNWRhNzFiMzNmYWNkMl9jb2x1bW5zIjpbeyJ0eXBlIjoiY29sdW1uIiwibmFtZSI6Im5hbWUiLCJsYWJlbCI6Ik5hbWUiLCJpc0hpZGRlbiI6ZmFsc2UsImlzVG9nZ2xlZCI6dHJ1ZSwiaXNUb2dnbGVhYmxlIjpmYWxzZSwiaXNUb2dnbGVkSGlkZGVuQnlEZWZhdWx0IjpudWxsfSx7InR5cGUiOiJjb2x1bW4iLCJuYW1lIjoiZW1haWwiLCJsYWJlbCI6IkVtYWlsIiwiaXNIaWRkZW4iOmZhbHNlLCJpc1RvZ2dsZWQiOnRydWUsImlzVG9nZ2xlYWJsZSI6ZmFsc2UsImlzVG9nZ2xlZEhpZGRlbkJ5RGVmYXVsdCI6bnVsbH0seyJ0eXBlIjoiY29sdW1uIiwibmFtZSI6InJvbGUiLCJsYWJlbCI6IlJvbGUiLCJpc0hpZGRlbiI6ZmFsc2UsImlzVG9nZ2xlZCI6dHJ1ZSwiaXNUb2dnbGVhYmxlIjpmYWxzZSwiaXNUb2dnbGVkSGlkZGVuQnlEZWZhdWx0IjpudWxsfSx7InR5cGUiOiJjb2x1bW4iLCJuYW1lIjoiaXNfYWN0aXZlIiwibGFiZWwiOiJBY3RpdmUiLCJpc0hpZGRlbiI6ZmFsc2UsImlzVG9nZ2xlZCI6dHJ1ZSwiaXNUb2dnbGVhYmxlIjpmYWxzZSwiaXNUb2dnbGVkSGlkZGVuQnlEZWZhdWx0IjpudWxsfSx7InR5cGUiOiJjb2x1bW4iLCJuYW1lIjoiY3JlYXRlZF9hdCIsImxhYmVsIjoiQ3JlYXRlZCBhdCIsImlzSGlkZGVuIjpmYWxzZSwiaXNUb2dnbGVkIjpmYWxzZSwiaXNUb2dnbGVhYmxlIjp0cnVlLCJpc1RvZ2dsZWRIaWRkZW5CeURlZmF1bHQiOnRydWV9XSwiYTUxNmNiNDMzZDU0Y2IzNzYyODRjMjFmYzRlNGZhYTVfY29sdW1ucyI6W3sidHlwZSI6ImNvbHVtbiIsIm5hbWUiOiJpbWFnZSIsImxhYmVsIjoiSW1hZ2UiLCJpc0hpZGRlbiI6ZmFsc2UsImlzVG9nZ2xlZCI6dHJ1ZSwiaXNUb2dnbGVhYmxlIjpmYWxzZSwiaXNUb2dnbGVkSGlkZGVuQnlEZWZhdWx0IjpudWxsfSx7InR5cGUiOiJjb2x1bW4iLCJuYW1lIjoibmFtZSIsImxhYmVsIjoiTmFtZSIsImlzSGlkZGVuIjpmYWxzZSwiaXNUb2dnbGVkIjp0cnVlLCJpc1RvZ2dsZWFibGUiOmZhbHNlLCJpc1RvZ2dsZWRIaWRkZW5CeURlZmF1bHQiOm51bGx9LHsidHlwZSI6ImNvbHVtbiIsIm5hbWUiOiJjYXRlZ29yeS5uYW1lIiwibGFiZWwiOiJDYXRlZ29yeSIsImlzSGlkZGVuIjpmYWxzZSwiaXNUb2dnbGVkIjp0cnVlLCJpc1RvZ2dsZWFibGUiOmZhbHNlLCJpc1RvZ2dsZWRIaWRkZW5CeURlZmF1bHQiOm51bGx9LHsidHlwZSI6ImNvbHVtbiIsIm5hbWUiOiJwcmljZSIsImxhYmVsIjoiUHJpY2UiLCJpc0hpZGRlbiI6ZmFsc2UsImlzVG9nZ2xlZCI6dHJ1ZSwiaXNUb2dnbGVhYmxlIjpmYWxzZSwiaXNUb2dnbGVkSGlkZGVuQnlEZWZhdWx0IjpudWxsfSx7InR5cGUiOiJjb2x1bW4iLCJuYW1lIjoiaXNfYXZhaWxhYmxlIiwibGFiZWwiOiJUZXJzZWRpYSIsImlzSGlkZGVuIjpmYWxzZSwiaXNUb2dnbGVkIjp0cnVlLCJpc1RvZ2dsZWFibGUiOmZhbHNlLCJpc1RvZ2dsZWRIaWRkZW5CeURlZmF1bHQiOm51bGx9LHsidHlwZSI6ImNvbHVtbiIsIm5hbWUiOiJjcmVhdGVkX2F0IiwibGFiZWwiOiJDcmVhdGVkIGF0IiwiaXNIaWRkZW4iOmZhbHNlLCJpc1RvZ2dsZWQiOmZhbHNlLCJpc1RvZ2dsZWFibGUiOnRydWUsImlzVG9nZ2xlZEhpZGRlbkJ5RGVmYXVsdCI6dHJ1ZX1dfX0=',1780895739);
INSERT INTO "users" ("id","name","email","email_verified_at","password","role","is_active","remember_token","created_at","updated_at") VALUES (3,'alif','voidw87@gmail.com',NULL,'$2y$12$1jK39oRTPITIUpD15C.CpOV7fQubtDoRlZOIzfQ3DgOaH3c1qsG/K','admin',1,NULL,'2026-06-07 13:05:37','2026-06-07 13:32:36'),
 (4,'Void','voidwalker1290@gmail.com',NULL,'$2y$12$oAd45iZrn5mrqSnoAl1A2.mpsdpskPhftUz.8946Tuitau3bbD/FO','admin',1,NULL,'2026-06-07 13:21:03','2026-06-07 13:21:03'),
 (5,'flux','alifsalimmm1@gmail.com',NULL,'$2y$12$mZCOvQfKlgRHQ2Our7Okh.y1ffIsQuniSpTtjgaI48cs1pa/iDPUS','admin',1,NULL,'2026-06-07 13:34:02','2026-06-07 13:34:02'),
 (8,'cecep','geraintmmv49@gmail.com',NULL,'$2y$12$dWozp86RgqqwtoED48xbu.vZqEFXR4UUGYPL1934NhJ7qoYgm2WcK','cashier',1,NULL,'2026-06-07 13:45:15','2026-06-07 13:45:15'),
 (9,'baim','baim@mooiste.com',NULL,'$2y$12$BLcBeCTYNzAs985G352t.OWUJtkCpkXzxqZ53oLhxLDrgy8ZqlJXG','cashier',1,NULL,'2026-06-08 05:10:48','2026-06-08 05:10:48');
COMMIT;
